lexeme,part_of_speech,max_usage,median_all,median_in_use,mean_all,mean_in_use
anand,CONJ,8461,73,76,1434,1448
tendon,ADP,8344,121,131,890,915
yerself,PRON,7420,336,351,749,785
wurde,ADP,5163,141,142,422,426
foer,ADP,4612,4,5,324,352
boldface,DET,4567,89,388,906,1231
assignor,ADP,4165,947,957,1173,1190
alfa,DET,3350,64,64,346,348
thereunder,PRON,2998,1047,1162,1079,1110
listener,ADP,2714,115,115,400,402
wideband,ADP,2707,3,4,464,514
variance,ADP,2689,9,10,397,418
fofr,ADP,2557,4,4,67,67
atound,ADP,2406,4,4,84,88
kangaroo,DET,2286,321,323,585,588
xix,CONJ,2222,169,174,405,407
nonemployer,CONJ,1999,0,4,50,352
lcaho,ADP,1927,0,11,105,386
insrt,ADP,1888,0,479,73,590
lllus,ADP,1759,5,10,72,98
becouse,ADP,1749,28,29,250,251
dgn,ADP,1741,0,2,45,74
instill,ADP,1680,82,83,279,283
lraq,ADP,1439,0,53,71,214
moot,PRON,1433,33,34,290,296
providing,ADP,1388,286,289,346,350
thankyou,PRON,1308,12,12,112,113
lowand,CONJ,1191,5,6,202,205
animalsl,DET,1191,0,1,29,58
varus,ADP,1189,35,41,139,153
aq,ADP,1187,6,6,73,73
interf,ADP,1154,16,17,107,110
besonderer,ADP,1141,397,447,418,449
oror,CONJ,1092,8,8,39,40
ofengland,CONJ,1086,19,19,56,57
nays,ADP,1083,11,31,81,116
blll,DET,1074,0,77,81,138
anorher,DET,1067,8,8,51,53
depict,PRT,1007,42,42,176,180
asaignor,ADP,1004,1,7,37,60
lndoor,ADP,984,1,5,59,96
aaaignor,ADP,956,0,5,29,65
behind,PRT,956,34,35,124,127
after,ADP,953,6,6,53,55
whereafter,ADP,946,87,89,226,227
trout,PRT,910,196,196,272,273
abscissa,DET,899,208,215,262,264
behaviour,PRT,894,5,6,112,118
theologia,DET,883,40,40,120,121
fucr,ADP,883,2,5,37,60
occult,ADP,863,39,40,126,129
angina,DET,857,69,69,185,186
ofjudicial,ADP,857,8,11,44,46
symbof,ADP,856,0,82,52,262
backgammon,PRT,855,72,73,132,135
lilay,ADP,849,0,1,31,47
lssaquah,ADP,834,0,2,22,72
aasignor,ADP,833,1,5,31,50
annexa,DET,829,21,22,94,94
lllay,ADP,829,0,1,34,100
assent,DET,826,6,7,52,53
lndustrial,ADP,816,2,7,88,143
adverae,DET,798,0,1,20,49
mg,PRON,793,6,6,107,110
offear,ADP,792,2,2,42,43
yum,PRON,787,7,7,48,50
annulata,DET,771,179,180,203,204
alcaldia,DET,769,0,3,26,46
anchorage,DET,756,117,123,208,212
inclusive,ADP,755,209,211,212,214
andfixtures,CONJ,753,0,239,39,243
atorre,ADP,747,0,206,26,245
benzazepin,ADP,744,0,269,17,352
det,PRT,740,6,6,28,31
chrome,DET,739,375,414,327,351
iuror,ADP,736,0,1,18,28
lfthe,DET,735,18,18,65,66
thru,DET,735,100,108,174,176
scientificatlanta,DET,731,0,234,32,259
talus,ADP,719,152,152,224,225
lacr,ADP,709,0,1,17,32
irself,PRON,705,7,7,34,34
befote,ADP,694,11,11,36,36
oblig,PRT,689,1,2,24,25
hyena,DET,688,21,22,91,94
mealtime,PRON,684,29,30,109,110
liefore,ADP,683,89,90,141,142
sie,ADP,676,17,17,43,44
oftrade,ADP,665,2,3,39,44
thejapanese,DET,663,4,9,56,77
chat,ADP,660,7,7,55,59
ibid,PRT,657,5,8,43,51
lietween,ADP,644,70,70,106,106
ireat,ADP,637,71,71,116,117
ofsin,ADP,636,9,9,31,31
nspf,ADP,635,0,107,53,145
weave,PRON,635,168,172,180,182
anvsa,DET,634,0,36,16,149
androgynous,CONJ,618,25,25,111,112
itit,PRON,617,8,8,24,25
latn,ADP,617,0,1,15,20
plumosus,CONJ,598,121,134,146,154
fronmer,ADP,598,0,232,21,230
ifif,ADP,593,10,10,26,27
sooo,DET,584,32,32,66,66
thot,PRON,584,60,61,105,105
byjust,ADP,569,3,3,28,29
ofhonor,ADP,568,4,5,23,26
werde,ADP,564,3,4,12,14
piss,CONJ,562,2,2,42,50
tiptoe,PRON,553,30,30,60,61
faba,PRT,553,2,4,65,79
ofwhatever,ADP,551,4,4,22,23
of,PRT,545,110,112,126,127
lsrael,ADP,544,0,19,31,80
becanse,ADP,543,6,6,31,32
densif,ADP,542,0,7,43,90
highwa,DET,542,28,31,49,53
bora,DET,540,7,8,34,34
nervulus,CONJ,537,0,105,67,130
tryto,PRT,532,42,42,64,64
atndt,ADP,531,0,29,30,82
yourjourney,PRON,524,1,1,17,21
attn,ADP,521,6,7,64,68
betwoon,ADP,517,51,58,87,99
denitrif,ADP,514,0,7,45,116
bender,ADP,511,45,46,110,113
auratus,CONJ,506,31,38,88,102
metapleurum,PRON,501,0,22,21,59
ofchristian,ADP,496,5,6,22,25
ahout,PRT,493,27,27,45,46
lnter,ADP,485,3,6,57,76
dem,ADP,481,26,27,48,49
obliquus,ADP,480,128,129,130,131
afizer,ADP,478,13,15,45,49
wltn,ADP,476,49,52,69,69
farnin,ADP,476,0,29,12,125
towork,PRT,473,28,29,45,46
outstandof,ADP,470,0,1,13,28
tumover,ADP,468,0,10,42,84
agiellonian,ADP,467,0,6,11,43
obshchej,ADP,467,0,206,26,182
foryour,ADP,465,7,7,35,36
insipidus,ADP,465,28,41,69,82
foorth,PRT,464,12,12,25,25
phk,ADP,457,0,1,13,46
agreedupon,ADP,454,5,7,78,90
btitle,ADP,452,0,27,14,86
ofcivil,ADP,448,5,5,28,28
pd,CONJ,448,13,13,45,45
otficer,ADP,448,85,86,109,110
mens,PRON,446,21,26,74,83
nntil,ADP,446,31,31,90,91
altheugh,ADP,445,22,22,67,68
bienn,ADP,444,0,1,15,37
itselfinto,ADP,444,34,34,53,53
ofhimself,PRON,443,6,6,21,22
offuture,ADP,441,3,3,28,28
beiden,ADP,440,26,28,47,52
instns,ADP,440,0,112,23,139
inspr,ADP,437,0,3,36,62
stereospecif,ADP,437,0,38,31,112
whisk,ADP,433,21,23,43,47
asv,PRON,430,0,0,6,9
ajo,DET,424,8,8,25,26
includinq,ADP,421,3,8,43,62
upoun,PRT,420,14,14,42,42
asunto,ADP,420,10,12,26,27
sender,ADP,419,17,18,62,65
thame,ADP,419,23,23,39,39
exceptfor,ADP,417,13,14,56,57
ifan,ADP,416,9,9,35,36
operat,PRON,415,110,110,122,123
yeou,PRON,414,32,41,54,61
thejudge,PRON,414,12,14,36,36
rst,ADP,411,7,8,20,22
nonservice,ADP,411,0,1,9,36
appendb,DET,408,0,8,23,106
excludedfrom,ADP,406,0,1,24,29
aristophanes,ADP,405,8,8,20,21
arresto,DET,405,55,90,77,101
ontwn,ADP,404,0,14,15,111
igth,ADP,403,39,39,56,56
yonrself,PRON,401,10,10,25,25
beoause,ADP,398,149,149,144,145
intraspecif,ADP,395,0,11,31,84
inmme,ADP,395,0,110,15,131
oflicio,ADP,394,72,77,92,97
homey,PRON,393,5,5,35,35
frcn,ADP,393,13,14,63,64
ilie,PRON,392,2,2,11,12
togetherto,PRT,390,8,9,36,37
asignor,ADP,390,12,29,33,46
nana,DET,386,37,38,61,63
becamo,ADP,384,40,40,81,82
ofwhose,ADP,384,6,6,19,20
oxidn,ADP,381,0,34,24,90
ofits,ADP,380,7,7,24,25
knobby,ADP,380,43,43,78,79
ththe,DET,380,18,18,31,32
behemoth,ADP,378,3,4,39,42
intaglio,DET,377,107,111,122,126
switterland,CONJ,374,0,1,8,45
postureland,CONJ,374,0,374,8,208
das,ADP,374,21,23,34,38
proteus,ADP,374,87,128,101,123
asslgnor,ADP,369,7,22,50,67
forevermore,ADP,368,75,76,91,93
aviv,ADP,364,1,1,21,24
interdif,ADP,364,0,8,21,61
areasin,ADP,363,10,27,63,84
altemate,DET,359,2,3,38,47
ofhard,ADP,358,4,4,21,22
thasha,DET,357,0,1,8,66
aerea,DET,354,17,17,30,30
en,ADP,353,7,7,50,50
thickness,DET,351,78,78,110,110
ptn,ADP,348,3,3,42,47
lexcept,ADP,347,2,3,12,16
seith,ADP,347,24,24,35,36
atty,ADP,347,11,13,41,44
inismf,ADP,347,0,193,11,163
achatinella,DET,347,1,3,15,21
mein,CONJ,347,10,10,21,21
beyong,ADP,346,39,40,65,66
oscillation,ADP,344,21,26,82,90
lndustry,ADP,343,0,11,40,84
abl,ADP,342,23,23,56,57
peregrinus,ADP,342,46,47,78,79
interlinear,ADP,341,42,44,81,84
onset,DET,341,4,6,45,50
thakha,DET,341,0,1,10,41
ha,ADP,340,8,9,56,60
notaulus,ADP,339,0,39,22,66
eterat,ADP,339,0,33,18,76
offalse,ADP,338,3,3,19,19
ers,CONJ,338,27,34,39,40
medulla,PRON,334,34,36,65,69
underas,ADP,334,0,0,8,20
ofthy,ADP,333,9,10,20,21
besan,ADP,332,6,6,33,33
herselfa,DET,331,3,4,14,16
aoross,ADP,331,46,49,52,55
acuminata,DET,330,40,42,71,74
ios,ADP,329,114,115,113,114
hij,PRT,327,6,6,9,9
wurden,PRT,325,6,6,21,23
aurata,DET,325,28,29,61,61
appropriat,DET,324,42,42,70,71
annend,CONJ,322,9,11,45,50
methyl,CONJ,322,0,1,16,64
littlo,ADP,321,39,40,62,63
aother,DET,320,11,13,27,28
sfor,ADP,319,5,6,26,28
uliand,CONJ,318,0,1,8,32
ofreal,ADP,318,7,7,23,23
bds,CONJ,314,1,19,25,41
foreskin,ADP,314,5,7,41,48
maritime,DET,314,25,26,63,64
alloy,ADP,314,36,39,79,80
plesand,CONJ,313,15,15,24,24
bifor,ADP,311,17,18,29,30
xixth,ADP,311,5,9,24,28
lncr,ADP,311,0,3,20,63
sirst,ADP,310,11,11,19,20
nonrelief,ADP,309,0,1,8,29
daemon,PRT,309,2,2,24,26
soiiie,DET,307,0,1,7,21
thecium,PRON,306,0,2,14,23
lvanovich,ADP,305,0,15,12,34
alif,ADP,304,19,20,57,57
til,PRON,304,10,11,32,32
insce,ADP,304,0,1,7,27
ilaws,ADP,302,0,9,13,28
allata,DET,301,4,4,50,50
eqp,ADP,301,0,21,13,52
bd,ADP,301,13,13,53,53
instrn,ADP,300,1,2,8,11
lntelligence,ADP,300,0,32,26,74
ofproper,ADP,300,5,5,16,17
largerthan,ADP,299,12,12,34,35
otfice,ADP,299,45,45,61,61
angola,DET,299,13,14,44,45
sce,ADP,298,3,3,16,17
octahedron,ADP,296,9,11,42,44
thaca,DET,294,29,30,50,51
addnl,DET,293,0,46,22,69
frmn,ADP,292,47,48,66,66
paraprof,ADP,292,0,56,23,96
lapr,ADP,292,0,0,6,32
noght,DET,292,33,33,49,50
intoforce,ADP,292,0,2,7,23
noibn,ADP,292,0,4,10,57
atlon,ADP,291,81,82,97,98
technet,DET,291,0,4,9,34
andava,DET,290,7,7,12,12
xxxii,ADP,288,45,46,54,55
attenuatus,ADP,287,72,75,75,78
thetasub,DET,287,0,106,10,113
ofterror,ADP,287,1,1,13,15
pargand,CONJ,286,0,2,8,24
oftrue,ADP,286,3,4,14,16
alula,DET,286,34,36,48,50
delle,ADP,285,27,27,46,46
aodel,DET,285,0,6,23,58
iller,ADP,285,17,18,25,26
andjust,DET,284,1,2,12,14
aajor,ADP,284,0,7,16,38
nnderstand,CONJ,284,4,4,12,12
xll,ADP,284,7,16,27,36
ofreason,ADP,283,1,1,15,16
gunshot,DET,283,37,37,65,66
pyro,ADP,280,45,50,50,55
anodier,DET,280,3,4,25,25
readyfor,ADP,279,8,8,19,19
ofthis,PRON,279,4,4,17,18
lmder,ADP,278,73,76,84,87
whenyou,PRON,278,5,5,26,26
begann,ADP,278,14,14,24,25
intybus,ADP,277,13,24,52,72
anvl,DET,276,4,5,12,13
theback,DET,273,5,5,15,16
sein,ADP,272,11,11,24,24
bens,ADP,271,8,8,23,24
himselfup,PRT,271,4,5,13,13
ofmind,CONJ,271,1,1,11,13
ofllce,ADP,271,31,41,48,57
perfonn,ADP,269,2,3,25,28
sepia,DET,269,24,32,45,53
beinn,ADP,267,44,44,56,57
flagellar,DET,267,0,9,19,37
winq,ADP,267,0,1,7,19
oftho,ADP,266,34,34,60,60
nervellus,CONJ,265,2,47,42,77
notecall,DET,264,0,3,11,43
onsul,ADP,264,4,4,15,17
thereou,PRON,264,23,24,52,53
accompli,ADP,262,21,47,80,87
axn,ADP,261,30,31,54,55
onginator,ADP,261,0,62,12,84
vhich,ADP,261,67,68,81,82
uwith,ADP,260,8,9,26,27
becomo,ADP,260,34,34,57,58
llmin,ADP,260,0,3,13,34
itcan,PRON,258,13,13,18,18
thejoy,DET,258,2,2,11,12
xrf,ADP,258,3,3,10,11
oly,ADP,257,22,22,30,30
oppendix,PRT,257,0,226,5,143
beceuse,ADP,256,2,3,23,26
tlre,ADP,256,5,5,12,12
waitfor,ADP,256,4,4,19,19
amignor,ADP,256,0,8,18,34
asymmetricus,CONJ,254,0,9,14,41
immersion,ADP,254,52,55,81,83
wherevpon,ADP,253,29,30,43,43
frcxn,ADP,253,0,6,17,36
ofthomas,ADP,252,2,2,14,15
acrotreta,DET,252,1,5,11,19
larer,ADP,252,0,2,9,27
theaterweek,DET,251,0,1,7,57
tonto,PRT,251,11,12,34,35
vdth,ADP,251,7,10,38,40
thanatotope,DET,250,0,1,5,37
textform,PRON,250,0,250,5,250
whole,PRT,250,16,17,38,39
wnere,ADP,249,52,53,71,71
thejustice,DET,249,21,22,28,28
bbb,ADP,248,3,4,19,20
thairfore,ADP,248,18,18,30,31
abbat,DET,248,14,15,28,29
thet,PRT,248,35,36,48,49
thara,DET,248,8,8,22,22
lssue,ADP,247,0,3,18,37
ofhb,ADP,247,0,4,10,43
ofyellow,ADP,247,2,3,11,14
iross,ADP,247,22,26,32,41
boforo,ADP,246,41,46,51,58
ial,ADP,246,26,26,50,51
lnner,ADP,246,1,5,29,42
dehumidif,ADP,245,0,10,17,45
affter,ADP,245,34,34,52,53
withno,ADP,244,7,7,18,18
lovefor,ADP,244,3,3,12,13
dup,ADP,244,2,2,10,11
zi,PRON,244,6,7,22,24
ofmuch,ADP,244,5,5,13,15
wg,ADP,244,14,14,46,46
perder,ADP,243,6,7,23,24
outslg,ADP,243,0,116,8,117
atrick,ADP,243,12,13,21,22
someofthe,DET,242,3,3,21,21
behavor,ADP,242,3,3,18,19
auch,DET,241,11,11,16,17
ahstract,DET,241,5,6,17,17
ismore,ADP,239,4,5,11,12
ultracentrif,ADP,239,0,14,22,55
ofraw,ADP,238,3,4,26,28
bthat,ADP,238,6,6,15,15
mustard,PRT,237,11,11,27,28
lnterfaith,ADP,236,0,27,14,47
athyris,ADP,235,15,25,33,42
hehe,PRON,235,1,1,7,8
yourfelf,PRON,235,7,7,22,23
bibliog,CONJ,233,0,17,16,44
anobject,DET,233,2,2,19,19
atletika,ADP,232,0,1,5,29
lackson,ADP,232,10,18,36,48
sirup,ADP,232,26,34,66,78
sanfujinka,ADP,231,0,1,6,22
thetefote,DET,231,0,12,8,52
lowerthan,ADP,230,7,7,39,40
ssn,ADP,230,32,34,38,39
sonre,ADP,230,0,1,5,12
beefore,ADP,229,27,27,39,39
ofgeneral,ADP,229,4,4,15,16
antiref,DET,229,0,68,21,91
moder,PRT,228,11,12,41,41
sicca,DET,228,3,3,34,36
tupra,DET,228,2,4,31,40
ommerce,ADP,228,16,33,29,39
benzidin,ADP,227,1,4,19,30
freshness,CONJ,227,99,100,93,94
offinite,ADP,227,0,5,19,31
ofground,ADP,226,6,6,18,18
artd,ADP,226,20,20,37,37
illus,PRT,226,0,2,7,11
qy,ADP,226,5,5,20,22
aeuro,DET,226,0,30,5,102
infinity,ADP,225,13,14,50,52
alguna,DET,225,10,10,24,24
ofliquor,ADP,224,5,5,16,16
likelv,ADP,224,20,23,37,39
verif,ADP,224,8,8,26,27
fth,ADP,224,18,19,27,27
offbefore,ADP,222,2,2,14,14
beleif,ADP,221,18,19,24,24
awav,DET,221,46,46,56,56
ahipmenta,DET,221,0,2,10,22
usfrom,ADP,221,4,4,12,13
oertain,ADP,221,90,90,86,87
dbout,PRT,221,1,26,36,48
nobill,DET,220,2,2,8,9
sx,ADP,220,7,8,24,24
overseen,ADP,220,2,3,24,26
additiona,DET,220,37,37,60,60
lnsp,ADP,219,0,2,7,24
anzi,DET,218,5,5,12,13
sweetclover,DET,218,0,2,7,17
wyif,ADP,218,0,1,8,13
includedin,ADP,218,22,23,46,47
yar,CONJ,217,7,11,31,39
wythyn,ADP,217,8,8,15,15
thats,ADP,217,24,24,44,45
anditor,CONJ,217,1,2,16,20
luorosulf,ADP,217,0,4,8,43
byfaith,ADP,216,4,4,12,12
becuse,ADP,216,22,22,40,40
ofknown,ADP,216,1,1,13,14
aura,DET,215,4,4,23,24
lrvington,ADP,215,3,10,16,24
alsoforeign,DET,215,0,90,5,103
artscan,ADP,214,0,74,7,84
oasi,PRT,214,0,12,13,34
raising,PRT,214,21,22,53,55
otbp,ADP,214,0,2,5,48
wherupon,ADP,213,56,56,69,69
oraminif,ADP,212,2,13,25,40
neohamatus,CONJ,212,0,46,9,57
thkess,ADP,212,0,2,11,27
bilis,ADP,211,5,5,12,12
zygomaticus,ADP,211,7,7,20,20
woucher,ADP,211,0,5,10,33
quella,DET,211,10,10,20,21
thrnugh,ADP,210,3,3,13,14
withing,ADP,210,18,18,44,44
wkr,ADP,210,1,29,29,51
assiguor,ADP,210,6,15,26,35
mayhem,PRON,209,3,5,21,26
senhor,ADP,209,6,6,23,23
herfor,ADP,208,6,6,16,16
ofitself,ADP,208,4,5,12,13
frof,ADP,207,9,10,21,21
itfrom,ADP,207,8,8,17,17
exten,CONJ,206,0,2,5,47
odborar,ADP,206,0,58,4,89
sombre,ADP,206,45,45,49,50
uuith,ADP,206,2,2,12,18
sixcharacter,ADP,206,0,2,8,29
froir,ADP,205,43,44,53,53
besrelih,ADP,205,0,109,7,116
tlae,DET,205,35,35,37,37
lmproper,ADP,204,0,3,15,27
alonga,DET,204,33,34,48,48
theirjoint,DET,204,8,9,16,17
longerthan,ADP,203,8,8,22,22
llhe,DET,203,15,17,32,33
yadernaya,DET,202,0,3,5,25
detailedto,PRT,202,0,0,4,27
angolanus,CONJ,201,0,3,6,12
dtr,ADP,189,66,66,66,67
ackson,ADP,176,64,71,62,65
whirh,ADP,155,63,63,68,69
thiee,DET,150,57,57,68,68
tfae,DET,144,54,55,58,59
argentea,DET,136,53,54,49,50
argenteus,ADP,147,53,56,55,57
befon,ADP,168,50,50,62,62
anyt,DET,151,50,50,54,54
ilton,ADP,160,50,51,45,46
whethor,ADP,162,48,49,50,51
arenarius,ADP,180,48,49,51,53
oover,ADP,119,47,50,44,46
mica,PRON,155,47,53,47,50
witlt,ADP,107,47,47,48,49
inoculation,ADP,143,45,46,49,50
nland,CONJ,185,45,46,55,56
wag,ADP,190,44,45,58,59
befbre,ADP,115,44,44,44,44
vnth,ADP,91,44,44,42,42
sd,ADP,151,41,44,49,50
lice,ADP,113,41,41,40,40
sur,PRT,140,40,41,53,53
iinder,ADP,156,40,42,48,48
undtr,ADP,101,40,40,41,41
omen,ADP,139,39,40,49,50
tlmt,DET,92,38,38,44,44
brevet,PRT,161,38,38,53,53
tfte,DET,64,37,37,35,35
vesper,ADP,84,37,37,31,32
agiinst,ADP,123,36,37,44,45
nre,ADP,96,36,36,38,39
agaimt,ADP,72,36,36,34,34
thoreof,ADP,117,35,39,38,39
nuda,DET,175,35,36,49,49
isee,PRON,107,35,35,34,34
initials,ADP,193,35,36,53,54
liecause,ADP,141,35,36,42,43
oblongus,ADP,79,35,38,31,34
thll,DET,187,35,35,41,42
sailor,ADP,188,34,36,43,44
tierra,DET,159,34,36,51,51
befog,ADP,136,34,34,36,37
iunior,ADP,182,34,38,42,44
ofver,ADP,131,33,34,37,38
innerer,ADP,109,33,43,32,41
administra,DET,164,33,33,45,46
thenee,PRON,125,32,33,36,37
wluch,DET,152,32,33,34,34
authorizin,ADP,179,32,33,44,45
antennata,DET,103,32,48,35,43
batten,PRT,161,31,33,46,48
times,CONJ,137,31,32,42,43
wbere,ADP,127,31,31,38,38
vater,ADP,178,31,32,37,38
alpina,ADP,93,31,32,31,32
whicii,DET,75,31,31,33,33
upoi,ADP,60,31,31,29,30
fimile,ADP,156,31,46,33,46
tlw,DET,111,31,31,33,33
perforce,ADP,76,30,32,29,31
onst,ADP,72,30,31,30,30
tlicir,DET,79,30,30,30,30
ately,ADP,94,30,30,30,30
oonsider,ADP,79,29,30,29,30
ovtr,ADP,109,29,30,31,31
fairer,CONJ,101,29,29,30,30
jpon,ADP,70,29,29,28,29
thtt,ADP,57,29,29,27,28
storekeeper,ADP,107,29,32,32,34
frbm,ADP,108,29,29,32,32
vour,PRT,105,28,29,32,33
inston,ADP,171,28,30,32,33
uty,ADP,120,28,29,38,39
aenea,DET,74,28,33,29,31
uvenile,ADP,131,28,28,40,41
antiopa,DET,100,28,35,28,36
ijth,ADP,117,28,32,31,34
ioe,ADP,90,27,28,28,28
bccn,ADP,153,27,29,38,39
iferous,ADP,99,27,29,32,33
amendin,ADP,120,27,27,33,34
agaiast,ADP,101,27,28,29,30
tln,ADP,119,27,27,35,35
overdo,ADP,173,27,28,40,42
thcso,DET,74,27,28,27,29
unuer,ADP,90,27,27,33,34
svith,ADP,104,27,27,29,29
thcrc,DET,134,27,28,35,37
wmcn,ADP,125,27,27,32,33
intc,PRT,77,26,28,26,27
thirtyfirst,DET,123,26,27,34,34
immortality,PRT,117,26,27,34,35
tltat,DET,62,26,27,28,28
tlif,ADP,51,26,26,24,25
tfieir,DET,65,26,26,28,28
nnv,DET,101,26,26,28,29
osnrn,ADP,186,26,30,41,43
thoughtfulness,PRON,191,25,26,35,36
uml,ADP,89,25,26,30,30
ornian,CONJ,87,25,38,28,37
frora,ADP,90,25,26,29,30
aflcr,ADP,77,25,25,27,27
alon,PRT,88,25,25,28,28
mortar,PRT,85,25,25,27,27
nava,DET,88,25,25,26,27
ayrshire,DET,103,25,27,25,27
frojn,ADP,55,25,25,26,26
whtn,ADP,64,25,25,28,28
auricula,DET,67,24,25,28,28
iior,ADP,103,24,25,30,30
tnough,ADP,66,24,24,27,28
ain,PRT,97,24,24,26,26
wlio,DET,64,24,24,28,28
wijh,ADP,63,24,24,25,25
albidus,ADP,127,24,25,33,34
dth,ADP,172,24,24,38,38
viii,CONJ,172,24,26,40,41
beinj,ADP,51,24,24,22,22
irregulariter,ADP,61,23,24,21,22
anguinus,CONJ,151,23,23,29,29
whilc,ADP,68,23,23,26,26
llke,ADP,86,23,23,29,29
oi,DET,88,23,25,23,24
wnether,ADP,84,23,23,27,28
apainst,ADP,71,23,23,25,25
twain,PRON,71,23,23,28,28
undsr,ADP,85,23,23,26,26
outl,ADP,103,22,24,30,31
asrainst,ADP,71,22,23,25,26
ovsr,ADP,60,22,22,24,24
ihis,PRON,81,22,22,26,26
lfor,ADP,75,22,22,26,26
ivision,ADP,58,22,28,21,25
thii,PRON,61,22,22,24,24
liave,ADP,50,22,22,22,22
amall,DET,118,22,22,34,34
vtith,ADP,56,22,22,24,24
xxvn,ADP,155,22,22,26,27
aliout,DET,188,22,22,37,38
wiiich,DET,47,22,22,22,22
upcn,PRT,64,22,22,24,24
incisus,ADP,77,22,26,23,27
interpose,ADP,52,21,22,22,22
sai,PRON,99,21,22,26,26
euerie,DET,185,21,22,33,33
abou,DET,93,21,21,29,29
attest,CONJ,55,21,21,21,21
fortytwo,ADP,61,21,22,22,22
ivhile,ADP,50,21,21,21,21
thiit,PRON,74,21,22,29,29
althougn,ADP,91,21,21,26,26
whde,ADP,83,21,22,22,22
lcs,ADP,85,21,21,25,25
ohief,ADP,81,21,25,24,26
thairefter,ADP,175,21,21,45,45
iound,ADP,97,21,21,26,26
arista,ADP,147,21,24,26,30
dapple,ADP,132,21,21,27,27
oflf,PRON,64,21,21,22,22
tbat,PRON,101,21,21,29,29
eak,PRON,52,21,22,23,23
thegn,DET,85,21,22,25,25
atford,ADP,101,21,21,34,34
btween,ADP,80,20,21,25,25
limitin,ADP,60,20,21,22,23
thrt,ADP,196,20,20,40,40
upbn,ADP,85,20,20,29,30
ohnstown,ADP,129,20,22,29,33
benzoin,ADP,67,20,20,22,22
liere,ADP,78,20,20,27,27
tnat,PRT,193,20,20,30,30
beea,ADP,35,20,20,20,20
iun,ADP,92,20,20,27,27
aflirm,ADP,53,20,21,20,21
payd,ADP,123,20,20,22,23
nearer,CONJ,55,20,20,20,21
thilke,ADP,123,20,20,26,27
upp,ADP,42,20,20,20,20
aux,ADP,135,20,20,36,36
thatch,PRON,108,20,20,30,30
tojthe,DET,66,20,20,23,23
unler,ADP,84,20,20,25,25
alphabetically,ADP,134,19,20,27,28
atile,ADP,61,19,20,20,20
lisle,ADP,93,19,20,20,21
lhrough,ADP,78,19,20,22,22
quhairin,ADP,114,19,20,33,34
foro,ADP,48,19,19,21,21
iroup,ADP,94,19,29,25,36
understan,ADP,45,19,19,19,20
througi,ADP,59,19,20,21,22
ofllcer,ADP,132,19,31,33,39
waa,PRT,55,19,19,19,19
tubercula,DET,58,19,19,23,23
godown,PRT,121,19,23,29,33
inauguration,ADP,106,19,22,29,32
tlie,PRT,42,19,19,20,20
warp,PRT,84,19,23,28,30
silversmith,ADP,188,19,19,43,43
befoi,ADP,64,19,19,21,22
nnd,PRON,79,19,19,26,27
tlmn,ADP,48,19,19,21,21
agajnst,ADP,40,19,19,19,20
htm,PRON,134,19,19,22,22
troin,ADP,42,19,19,18,18
atcd,ADP,64,19,19,19,19
arou,ADP,100,18,19,33,33
abaft,DET,59,18,19,18,19
beinsr,ADP,63,18,19,20,21
steeper,ADP,129,18,21,29,32
tellin,ADP,194,18,19,34,35
troisieme,DET,112,18,19,30,31
goot,PRT,87,18,19,24,24
theol,DET,191,18,19,34,34
innew,ADP,166,18,18,24,24
lioth,ADP,76,18,19,24,24
steadfast,PRON,161,18,19,28,30
beinjr,ADP,45,18,18,18,18
toshow,PRT,96,18,18,24,24
astern,PRT,55,18,18,18,18
forst,ADP,46,18,18,18,18
iefore,ADP,38,18,18,17,17
withqut,ADP,47,18,18,18,18
behindhand,ADP,62,18,18,21,22
euer,DET,84,18,18,20,20
atabout,ADP,82,18,19,26,26
inum,ADP,83,18,24,23,26
proin,ADP,39,18,18,18,18
sincc,ADP,72,18,18,20,21
whsn,ADP,49,18,18,18,19
andithe,DET,121,18,18,28,28
betwesn,ADP,124,18,22,30,31
meadowland,CONJ,95,18,28,27,34
nur,CONJ,142,18,18,27,27
warranto,PRT,89,18,18,22,23
anygiven,DET,68,18,18,18,19
andjthe,DET,54,18,18,20,21
fronj,ADP,38,18,18,18,19
igi,PRON,155,18,19,26,26
linst,ADP,57,18,18,20,20
lligh,ADP,105,18,19,22,23
yland,CONJ,67,17,18,18,18
hrough,DET,76,17,18,26,26
onlv,DET,64,17,17,20,21
furloughs,ADP,80,17,19,20,23
vjith,ADP,40,17,17,16,16
advanta,DET,74,17,17,19,19
alcalde,ADP,79,17,18,23,23
tbla,DET,119,17,23,23,27
wlthln,ADP,158,17,33,37,43
fcj,ADP,78,17,17,20,21
anybodv,DET,75,17,22,21,25
bigoted,CONJ,57,17,17,19,20
xcith,ADP,40,17,18,17,18
anythe,DET,52,17,17,18,18
overshot,ADP,101,17,17,24,24
ett,CONJ,145,17,17,19,19
wief,ADP,108,17,17,24,25
tlge,DET,37,17,18,16,17
becnuse,ADP,49,17,17,16,17
icithin,ADP,57,17,17,17,17
aftsr,ADP,48,17,17,17,17
includmg,ADP,93,17,17,24,24
tocomplete,PRT,74,17,17,18,18
therefoie,DET,52,17,17,21,21
tco,ADP,51,17,17,17,17
ofrthe,ADP,89,17,17,21,21
amougst,ADP,56,17,17,19,19
beleve,ADP,58,17,17,18,18
wjthin,ADP,35,17,17,15,16
ngninst,ADP,63,17,17,21,22
thetic,PRON,54,17,17,19,19
lcss,ADP,92,17,17,20,20
comof,ADP,42,17,17,18,18
himeelf,PRON,54,17,17,18,18
weft,PRON,63,16,17,18,19
witll,ADP,47,16,17,18,18
sioner,ADP,45,16,17,17,17
syphon,ADP,58,16,18,18,19
alwut,DET,136,16,17,24,26
iund,ADP,67,16,17,18,19
livo,ADP,47,16,16,16,17
iovernor,ADP,114,16,18,26,27
thereot,DET,61,16,17,19,19
drr,ADP,90,16,17,17,17
lightin,ADP,50,16,16,17,17
lajor,ADP,66,16,16,22,22
throughou,ADP,73,16,17,22,23
ur,PRON,56,16,16,20,21
witli,PRT,63,16,16,19,20
bctwecn,ADP,83,16,17,20,21
fornicatus,ADP,86,16,19,19,20
eithor,CONJ,50,16,17,17,18
tlteir,DET,47,16,16,20,20
beeo,ADP,39,16,16,18,18
transversa,DET,57,16,16,17,17
agairst,ADP,53,16,16,20,20
ncer,ADP,69,16,16,21,22
ornatissimus,CONJ,77,16,17,18,19
thit,ADP,47,16,17,17,17
adver,ADP,47,16,16,16,16
oftht,ADP,68,16,16,19,19
somt,DET,37,16,16,16,16
ighth,ADP,42,16,17,15,16
uie,PRON,97,16,16,20,20
ajor,CONJ,140,16,17,37,38
anyono,DET,57,16,19,17,21
thaw,DET,170,16,16,43,43
bismuth,ADP,59,16,18,17,19
awayl,DET,55,16,17,17,19
atfect,ADP,56,16,16,17,17
dcl,ADP,65,16,16,18,18
singlo,ADP,43,16,16,15,15
azimuth,PRT,56,16,16,18,19
fhrough,ADP,44,16,16,17,17
fome,ADP,199,16,16,27,27
ordor,CONJ,193,16,17,22,24
wiiat,ADP,29,16,16,15,15
amaranthus,ADP,46,16,16,17,17
intd,ADP,81,16,16,19,20
lfith,ADP,63,16,16,19,19
iinst,ADP,44,16,16,19,19
ange,DET,83,15,16,25,25
belbre,ADP,91,15,16,23,24
hy,DET,72,15,15,17,17
stout,ADP,43,15,15,15,15
thegrowth,DET,118,15,16,25,25
several,DET,84,15,15,21,22
thorow,PRON,77,15,16,19,19
tliie,DET,51,15,15,17,17
ulpon,ADP,64,15,16,19,20
yearthe,DET,46,15,15,19,19
aiul,DET,43,15,15,18,18
behveen,ADP,99,15,15,19,19
atfd,ADP,170,15,15,23,23
bhe,DET,156,15,22,24,26
thereol,DET,47,15,16,18,18
ze,PRT,87,15,15,21,21
ieeeinst,ADP,164,0,164,3,137
whichwork,DET,154,0,154,3,128
thisisathis,DET,143,0,143,3,119
articleunderdistributedthetermsof,ADP,130,0,130,3,108
eouteut,CONJ,200,0,109,4,125
oftheunder,ADP,99,0,99,2,83
lmpact,CONJ,153,0,94,18,75
renewalfor,ADP,164,0,86,9,78
considershimself,ADP,126,0,83,2,70
yourrentor,PRON,93,0,81,2,58
airapt,DET,154,0,81,6,74
ourourourourour,PRON,199,0,80,4,90
rrein,ADP,119,0,79,2,74
olcar,ADP,121,0,78,7,71
sovetska,DET,121,0,73,2,67
relandor,ADP,71,0,71,1,59
thomsonnow,PRON,73,0,71,1,52
rrern,PRT,124,0,70,2,77
outstg,PRT,178,0,68,22,70
wytwor,ADP,170,0,68,4,81
stellv,ADP,155,0,67,8,67
ofwindows,ADP,141,0,64,8,54
themthemthemthemthem,PRON,145,0,62,3,60
forbabieskssthan,ADP,62,0,62,1,52
loanifthe,DET,68,0,62,1,43
underdistributedthetermsof,ADP,61,0,61,1,51
iopamiron,ADP,109,0,61,3,58
oulstg,ADP,150,0,60,5,66
articledistributedthetermsof,ADP,59,0,59,1,49
wrrd,CONJ,104,0,59,3,62
shesheshesheshe,PRON,94,0,58,2,52
themagnitudeofanomaliesinsuch,DET,63,0,57,1,45
ithemj,PRON,115,0,57,2,52
tutorialfor,ADP,111,0,56,2,56
yourii,PRON,133,0,55,3,49
ouncanalog,ADP,160,0,55,4,89
finanser,ADP,89,0,55,2,56
hche,DET,188,0,54,5,69
lnterface,ADP,171,0,54,14,56
fairiin,ADP,190,0,54,7,77
axicell,DET,195,0,53,4,82
whichwhichwhichwhichwhich,DET,100,0,53,2,56
hishishishishis,PRON,104,0,52,2,52
rreiu,PRT,58,0,51,1,36
oxoprostaglandin,ADP,127,0,51,5,54
oneonone,PRON,127,0,51,7,61
whattocountas,ADP,58,0,50,1,32
tkormer,ADP,90,0,50,3,49
formiz,ADP,50,0,50,1,50
tokbuto,PRT,164,0,50,4,83
onetoon,ADP,82,0,49,2,44
underdistributedthetermsofunder,ADP,49,0,49,1,41
ofresidencyatthecurrentdomicile,ADP,55,0,48,1,39
afterafterafterafterafter,ADP,95,0,48,2,48
bibllog,ADP,135,0,48,14,47
owerhede,ADP,91,0,47,7,40
ouncatalog,ADP,102,0,47,3,62
acetoxy,CONJ,92,0,46,3,40
forbabiesksthan,ADP,46,0,46,1,38
overrde,ADP,86,0,46,5,43
posturelond,CONJ,45,0,45,1,45
alphen,ADP,75,0,44,6,35
thischapterthisisan,DET,44,0,44,1,37
jjap,ADP,78,0,44,1,43
oflbadan,ADP,138,0,44,13,47
httpill,DET,88,0,43,4,44
ittwc,PRON,165,0,43,7,56
perstein,ADP,118,0,43,4,48
thormer,ADP,112,0,43,5,47
agric,ADP,158,0,43,14,50
overoveroveroverover,ADP,82,0,43,1,45
whatwhatwhatwhatwhat,ADP,126,0,42,2,45
byauthorhouse,ADP,61,0,42,1,38
onprerender,ADP,86,0,42,3,38
attendingschoolatthe,DET,54,0,42,1,38
wirtschaftsberater,ADP,61,0,41,1,38
winfx,ADP,80,0,40,1,37
youristeventhough,PRON,47,0,40,1,29
ofhospitalswereenumeratedinthe,ADP,70,0,40,2,42
abschlussbencht,DET,89,0,39,2,41
lntergroup,ADP,75,0,39,12,33
withtransfer,ADP,72,0,39,4,41
westship,PRON,55,0,39,3,33
spartofthe,DET,39,0,39,0,32
besuretoprint,ADP,47,0,39,1,29
underarticlethedistributedtermsof,ADP,39,0,39,0,32
pseudodif,ADP,120,0,38,5,41
yourist,PRON,38,0,38,0,32
daytobegin,ADP,38,0,38,0,32
secmon,ADP,59,0,38,2,40
amountispaidonsome,DET,37,0,37,0,31
gyrof,ADP,56,0,37,5,31
medicredit,PRON,119,0,37,2,42
anddrinkingplaces,CONJ,69,0,37,1,37
amountispaldon,ADP,37,0,37,0,30
outsig,ADP,91,0,36,2,40
estoni,PRON,44,0,36,1,31
agnt,DET,165,0,36,5,59
ifsmtf,ADP,36,0,36,0,30
orprescribe,ADP,45,0,36,1,28
itar-tass-,PRON,48,0,36,1,34
ajsr,ADP,78,0,35,2,35
thermodn,DET,83,0,35,5,34
lnstr,ADP,118,0,35,15,33
kelandor,ADP,35,0,35,0,29
iphoto,PRON,43,0,35,2,30
yorik,PRON,58,0,34,2,31
menultem,PRON,86,0,34,5,35
nothename,DET,34,0,34,0,24
iforklift,ADP,45,0,34,2,27
aztldn,ADP,92,0,34,6,35
orchd,CONJ,195,0,34,6,48
yearscan,ADP,45,0,34,1,28
ifthererson,ADP,34,0,34,0,28
iminkoff,ADP,33,0,33,0,28
thewrst,DET,104,0,33,3,41
beforebeforebeforebeforebefore,ADP,66,0,33,1,33
asecondor,ADP,33,0,33,0,24
whilewhilewhilewhilewhile,ADP,62,0,33,1,34
autovon,ADP,113,0,32,5,41
ofwpf,ADP,53,0,32,1,30
fromecember,ADP,71,0,32,2,34
ionper,ADP,89,0,32,2,31
rosof,ADP,49,0,32,2,29
whichareessentialfactorsforthe,DET,37,0,32,0,27
allrail,DET,129,6,31,30,44
readhowyouwant,PRON,31,0,31,0,26
ofthosewhocooperatedin,ADP,39,0,31,1,24
sitemapnode,ADP,64,0,31,1,32
begeleidingscommissie,ADP,68,0,31,1,32
ipinus,ADP,48,0,31,2,28
thispageintentionallyleftblank,DET,42,0,31,0,26
andreproductioninany,DET,31,0,31,0,26
ofbirthin,ADP,41,0,31,0,26
eesor,ADP,39,0,31,0,28
iiiird,ADP,38,0,31,0,24
rroni,PRT,121,0,31,2,47
itciagi,PRON,50,0,31,1,28
thispropertysthe,DET,31,0,31,0,25
asbestyou,PRON,31,0,31,0,22
andmortg,DET,81,0,31,3,31
pc-brand,CONJ,31,0,30,0,22
ofjliterature,ADP,61,0,30,3,33
oulslg,ADP,60,0,30,2,29
anirudhan,DET,47,0,29,1,29
asecondorjunior,ADP,30,0,29,0,21
minigap,PRT,29,0,29,0,24
lnterrupt,ADP,62,0,29,6,27
milah,CONJ,52,0,29,4,23
lookattheinstructionsfor,ADP,29,0,29,0,24
withoutwithoutwithoutwithoutwithout,ADP,56,0,28,1,31
likelikelikelikelike,ADP,94,0,28,2,33
ofestablishmentandkind,ADP,56,0,28,1,28
oxfordj,ADP,55,0,28,1,28
lnteragency,ADP,63,0,28,6,25
odmr,ADP,72,0,28,2,29
typedescriptor,ADP,47,0,28,1,27
themailout,DET,28,0,28,0,20
donotcountas,ADP,27,0,27,0,23
immunof,ADP,145,0,27,12,48
textfarm,PRON,27,0,27,0,27
eeuteut,CONJ,32,0,27,0,20
lvlay,ADP,52,0,27,2,29
populationcensus,CONJ,34,0,27,1,23
orschoolingand,CONJ,44,0,27,1,27
lnteramerican,ADP,66,0,27,8,27
postagein,ADP,51,0,27,1,26
attributionlicenseand,CONJ,27,0,27,0,22
andtixtures,CONJ,62,0,27,2,31
oftheiremployerisincludedin,ADP,29,0,27,0,21
dushkin,PRT,46,0,27,1,25
meprolone,PRON,27,0,27,0,22
theirovvn,DET,27,0,27,0,17
notpaidor,ADP,26,0,26,0,22
skydrive,DET,52,0,26,1,26
illustrationss,ADP,51,0,26,1,26
aakuta,DET,31,0,26,1,18
netinterestand,CONJ,44,0,26,1,23
anyanyanyanyany,DET,54,0,26,1,25
corbett,PRT,63,0,26,1,31
lndianhead,CONJ,121,0,26,5,29
yourentfor,ADP,26,0,26,0,22
ladernykh,ADP,49,0,26,4,24
thedialog,DET,45,0,26,1,20
issentto,ADP,48,0,26,1,26
incomeunder,ADP,26,0,26,0,21
outstandingsilver,ADP,81,0,26,3,31
amountispaidon,ADP,26,0,26,0,26
thesteh,DET,97,0,26,2,32
helandor,ADP,25,0,25,0,21
lftheperson,ADP,25,0,25,0,21
openwin,ADP,51,0,25,3,24
ahirhsa,DET,76,0,25,10,26
paymentsonalsecondorjunior,ADP,25,0,25,0,21
dlag,ADP,173,0,25,15,43
orioreign,ADP,25,0,25,0,21
permitsiswhich,DET,25,0,25,0,21
throughthroughthroughthroughthrough,ADP,57,0,25,1,26
yourentforwour,PRON,25,0,25,0,21
nonemptoyer,CONJ,25,0,25,0,20
lsjlsbn,ADP,49,0,24,1,24
eitherfullor,CONJ,24,0,24,0,20
ifenderfer,ADP,39,0,24,0,21
iob,ADP,167,8,13,34,41
colour,PRON,158,9,10,34,36
theratio,DET,179,10,10,33,34
shortand,CONJ,188,2,4,33,39
onus,PRT,176,10,10,33,33
yaw,CONJ,183,2,3,32,39
aba,DET,192,13,13,32,32
inefficiency,ADP,130,15,21,31,37
betulus,ADP,155,4,15,31,41
forrn,ADP,185,10,10,31,31
theologians,DET,172,13,13,30,31
frican,ADP,132,12,12,30,30
maxilla,DET,161,13,20,29,33
heighten,PRT,154,6,6,29,29
tfith,ADP,110,14,15,28,29
subtract,PRON,161,8,10,28,29
siuce,ADP,148,9,9,28,28
anomia,DET,197,2,3,28,30
apollo,DET,165,7,16,28,35
bludgeon,ADP,166,12,12,27,28
anchors,DET,137,12,12,27,27
uiith,ADP,137,11,11,27,27
fev,ADP,132,15,15,26,27
ulu,ADP,105,13,15,26,28
rmder,ADP,193,12,15,26,28
var,PRON,197,9,10,26,27
thetype,DET,174,9,11,26,29
ossilif,ADP,125,5,23,26,41
lldefonso,ADP,196,5,6,26,30
mortga,DET,137,14,16,26,28
simmer,CONJ,161,11,13,26,27
witlh,ADP,156,14,14,26,27
meridiem,PRON,134,11,12,26,26
whereasin,ADP,129,12,12,26,26
vee,ADP,95,6,8,25,28
wherenpon,ADP,166,4,5,25,27
imdeff,ADP,188,0,11,8,64
unquantif,ADP,199,0,20,15,61
plantworker,PRT,189,0,15,4,57
thempereur,DET,182,0,8,6,55
nationalgeo,DET,154,0,24,3,54
campusand,CONJ,142,0,0,3,51
lstvan,ADP,175,0,20,21,50
tetrahydrof,ADP,186,0,19,15,49
rtg,ADP,195,0,5,4,48
rreni,PRT,122,0,21,2,48
oftheinput,ADP,197,0,1,4,47
ampliaperta,DET,199,0,17,12,45
ssm,ADP,157,0,1,9,43
atonvastatin,ADP,115,0,24,3,41
institutionallv,ADP,144,0,0,3,40
nkln,ADP,95,0,1,2,40
ownerlike,ADP,173,0,1,7,40
geoor,ADP,114,0,3,2,39
sorrre,ADP,183,0,0,4,39
attouir,ADP,145,0,8,3,38
thallostigma,DET,144,0,7,3,38
notaular,ADP,176,0,17,5,38
pentaf,ADP,168,0,22,10,37
lnvestor,ADP,125,0,22,11,37
bibllogr,ADP,144,0,10,4,37
yourna,ADP,124,0,12,13,37
